{"cameraMode":{"drawMode":0,"name":"Shaded","section":"Shading Mode"},"sceneLighting":true,"audioPlay":false,"sceneViewState":{"m_AlwaysRefresh":false,"showFog":true,"showSkybox":false,"showFlares":true,"showImageEffects":true,"showParticleSystems":true,"showVisualEffectGraphs":true,"m_FxEnabled":true},"in2DMode":false,"pivot":{"x":3.6350631713867189,"y":4.147300720214844,"z":30.554079055786134},"rotation":{"x":0.1151789203286171,"y":-0.03067813441157341,"z":0.003522175131365657,"w":0.992771327495575},"size":38.94291687011719,"orthographic":false}