{"cameraMode":{"drawMode":0,"name":"Shaded","section":"Shading Mode"},"sceneLighting":false,"audioPlay":false,"sceneViewState":{"m_AlwaysRefresh":false,"showFog":true,"showSkybox":false,"showFlares":true,"showImageEffects":true,"showParticleSystems":true,"showVisualEffectGraphs":true,"m_FxEnabled":true},"in2DMode":false,"pivot":{"x":0.8367743492126465,"y":26.381059646606447,"z":-7.804459095001221},"rotation":{"x":0.07014200836420059,"y":-0.09202780574560166,"z":0.006500832736492157,"w":0.9932700991630554},"size":11.507477760314942,"orthographic":false}